[
  {
    "id": 64,
    "name": "사창(영외)",
    "address": "강원도 화천군 사내면 상록길 7-1",
    "phone": "033-441-4039",
    "hours": "평일: 10:30~19:20, 토: 10:00~14:50, 일: ",
    "description": "388 / 4주차 수요일 15:00~19:20 개점"
  },
  {
    "id": 65,
    "name": "필승(영외)",
    "address": "강원도 철원군 근남면 수피령로 2312",
    "phone": "033-458-2159",
    "hours": "평일: 10:30~19:20, 토: 10:00~14:50, 일: ",
    "description": "168 / "
  },
  {
    "id": 66,
    "name": "소양(영외)",
    "address": "강원도 춘천시 충열로 80(우두동, 소양아파트)",
    "phone": "070-4251-3081",
    "hours": "평일: 10:30~19:20, 토: 10:00~14:50, 일: ",
    "description": "475 / 3주차 목요일 15:00~19:20 개점"
  },
  {
    "id": 67,
    "name": "신동(영외)",
    "address": "강원도 춘천시 옥산포길 40-14(사농동)",
    "phone": "070-4251-3762",
    "hours": "평일: 10:30~19:20, 토: 10:00~14:50, 일: ",
    "description": "95 / "
  },
  {
    "id": 68,
    "name": "두미르(영외)",
    "address": "강원도 춘천시 영서로 2793(우두동, 두미르마을)",
    "phone": "070-4251-3766",
    "hours": "평일: 10:30~19:20, 토: 10:00~14:50, 일: ",
    "description": "302 / 4주차 수요일 15:00~19:20 개점"
  },
  {
    "id": 69,
    "name": "(공)대룡(영외)",
    "address": "강원도 춘천시 동내면 학곡동 2길 46",
    "phone": "070-4251-0736",
    "hours": "평일: 10:30~19:20, 토: 10:00~14:50, 일: ",
    "description": "58 / 3주차 화요일 15:00~19:20 개점"
  },
  {
    "id": 70,
    "name": "리버빌(영외)",
    "address": "강원도 홍천군 홍천읍 송학로5길 18",
    "phone": "033-433-5937",
    "hours": "평일: 10:30~19:20, 토: 10:00~14:50, 일: ",
    "description": "479 / 3주차 수요일 15:00~19:20 개점"
  },
  {
    "id": 71,
    "name": "치악(영외)",
    "address": "강원도 원주시 단구로 223(개운동)",
    "phone": "033-761-1329",
    "hours": "평일: 10:30~19:20, 토: 10:00~14:50, 일: ",
    "description": "562 / 3주차 수요일 15:00~19:20 개점"
  },
  {
    "id": 72,
    "name": "시동(영외)",
    "address": "강원도 홍천군 남면 시동안로 321번길 14-28(충성아파트)",
    "phone": "033-432-5280",
    "hours": "평일: 10:30~19:20, 토: 10:00~14:50, 일: ",
    "description": "144 / "
  },
  {
    "id": 73,
    "name": "충정(영외)",
    "address": "경기도 양평군 양평읍 양근로 397",
    "phone": "031-771-3279",
    "hours": "평일: 10:30~19:20, 토: 10:00~14:50, 일: ",
    "description": "187 / 3주차 수요일 15:00~19:20 개점"
  },
  {
    "id": 74,
    "name": "(공)용문산(영외)",
    "address": "경기도 양평군 옥천면 고읍로 208",
    "phone": "070-4251-4064",
    "hours": "평일: 14:00~19:20, 토: , 일: ",
    "description": "95 / "
  },
  {
    "id": 75,
    "name": "행복(영외)",
    "address": "경기도 양평군 옥천면 마유산로 428-11",
    "phone": "070-4251-0973",
    "hours": "평일: 10:30~19:20, 토: 10:00~14:50, 일: ",
    "description": "156 / "
  },
  {
    "id": 76,
    "name": "마룡리(영외)",
    "address": "경기도 양평균 용문면 용문로 465 (수무빌아파트)",
    "phone": "070-4251-4065",
    "hours": "평일: 10:30~19:20, 토: 10:00~14:50, 일: ",
    "description": "274 / 4주차 수요일 15:00~19:20 개점"
  },
  {
    "id": 77,
    "name": "백호(영외)",
    "address": "강원도 원주시 소초면 흥양리 1754-4(백호회관)",
    "phone": "070-4169-4707",
    "hours": "평일: 10:30~19:20, 토: 10:00~14:50, 일: ",
    "description": "310 / 4주차 수요일 15:00~19:20 개점"
  },
  {
    "id": 78,
    "name": "화랑(영외)",
    "address": "강원도 홍천군 홍천읍 무궁화로 4길 21",
    "phone": "",
    "hours": "평일: 10:30~19:20, 토: 10:00~14:50, 일: ",
    "description": "402 / 4주차 수요일 15:00~19:20 개점"
  },
  {
    "id": 79,
    "name": "양구(영외)",
    "address": "강원도 양구군 양구읍 비봉로 49(상리군인아파트)",
    "phone": "033-481-2782",
    "hours": "평일: 10:00~19:30, 토: 10:00~17:30, 일: ",
    "description": "425 / "
  },
  {
    "id": 80,
    "name": "동면(영외)",
    "address": "강원도 양구군 동면 금강산로 1801(대암아파트)",
    "phone": "033-481-9096",
    "hours": "평일: 10:00~19:30, 토: 10:00~17:30, 일: ",
    "description": "181 / "
  },
  {
    "id": 81,
    "name": "남면(영외)",
    "address": "강원도 양구군 남면 정중앙로 728(백호아파트)",
    "phone": "033-482-4019",
    "hours": "평일: 10:00~19:30, 토: 10:00~17:30, 일: ",
    "description": "130 / "
  },
  {
    "id": 82,
    "name": "천도(영외)",
    "address": "강원도 인제군 서화면 천도로 152번길 8",
    "phone": "033-462-4368",
    "hours": "평일: 10:00~19:30, 토: 10:00~17:30, 일: ",
    "description": "132 / "
  },
  {
    "id": 83,
    "name": "서화(영외)",
    "address": "강원도 인제군 서화면 금강로 1760",
    "phone": "033-463-4108",
    "hours": "평일: 10:00~19:30, 토: 10:00~17:30, 일: ",
    "description": "97 / "
  },
  {
    "id": 84,
    "name": "현리(영외)",
    "address": "강원도 인제군 기린면 내린천로 3898(현리군인아파트)",
    "phone": "070-4251-2379",
    "hours": "평일: 10:00~19:30, 토: 10:00~17:30, 일: ",
    "description": "297 / "
  },
  {
    "id": 85,
    "name": "서호(영외)",
    "address": "강원도 인제군 북면 원통로 15(서호아파트)",
    "phone": "033-461-7123",
    "hours": "평일: 10:00~19:30, 토: 10:00~17:30, 일: ",
    "description": "219 / "
  },
  {
    "id": 86,
    "name": "과훈단(영외)",
    "address": "강원도 인제군 남면 응봉길 94",
    "phone": "070-4251-0324",
    "hours": "평일: 10:00~19:30, 토: 10:00~17:30, 일: ",
    "description": "220 / "
  },
  {
    "id": 87,
    "name": "원통(영외)",
    "address": "강원도 인제군 북면 원통로 261-20(아르미소아파트)",
    "phone": "033-461-8990",
    "hours": "평일: 10:00~19:30, 토: 10:00~17:30, 일: ",
    "description": "113 / "
  },
  {
    "id": 88,
    "name": "인제(영외)",
    "address": "강원도 인제군 인제읍 인제로 315(행복아르미소)",
    "phone": "033-461-8389",
    "hours": "평일: 10:00~19:30, 토: 10:00~17:30, 일: ",
    "description": "123 / "
  },
  {
    "id": 89,
    "name": "간성(영외)",
    "address": "강원도 고성군 간성읍 간성북로 7번길 54-1",
    "phone": "033-682-4488",
    "hours": "평일: 10:00~19:30, 토: 10:00~17:30, 일: ",
    "description": "180 / "
  },
  {
    "id": 90,
    "name": "화진포콘도(영외)",
    "address": "강원도 고성군 거진읍 화진포길 330",
    "phone": "070-4251-2209",
    "hours": "평일: 09:30~18:30, 토: 09:30~18:30, 일: 09:30~18:30",
    "description": "56 / 수요일 휴점"
  },
  {
    "id": 91,
    "name": "양양(영외)",
    "address": "강원도 양양군 양양읍 남서길 21(해오름아파트)",
    "phone": "033-672-5644",
    "hours": "평일: 10:00~19:30, 토: 10:00~17:30, 일: ",
    "description": "288 / "
  },
  {
    "id": 92,
    "name": "청간정콘도(영외)",
    "address": "강원도 고성군 토성면 중앙로 642-22",
    "phone": "070-4251-0549",
    "hours": "평일: 09:30~18:30, 토: 09:30~18:30, 일: 09:30~18:30",
    "description": "164 / 수요일 휴점"
  },
  {
    "id": 93,
    "name": "행복드림(영외)",
    "address": "강원도 동해시 중앙로 145(천곡동, 경포아파트)",
    "phone": "070-4251-2567",
    "hours": "평일: 10:00~19:30, 토: 10:00~17:30, 일: ",
    "description": "432 / "
  },
  {
    "id": 94,
    "name": "사랑드림(영외)",
    "address": "강원도 동해시 평릉길 60-1(평릉동, 사랑드림아파트)",
    "phone": "070-4251-2762",
    "hours": "평일: 10:00~19:30, 토: 10:00~17:30, 일: ",
    "description": "48 / "
  },
  {
    "id": 95,
    "name": "송정콘도(영외)",
    "address": "강원도 강릉시 창해로 141(송정동)",
    "phone": "070-4251-2566",
    "hours": "평일: 09:30~18:30, 토: 09:30~18:30, 일: 09:30~18:30",
    "description": "182 / 이용시간 분리운영 콘도투숙객 09:30~10:30 / 전 이용고객 10:30~18:30 / 수요일 휴점"
  },
  {
    "id": 96,
    "name": "철벽(영외)",
    "address": "강원도 삼척시 갈천동 184-15(철벽레스텔)",
    "phone": "070-4251-4103",
    "hours": "평일: 10:00~19:30, 토: 10:00~17:30, 일: ",
    "description": "150 / "
  },
  {
    "id": 97,
    "name": "종행교(영외)",
    "address": "충북 영동군 영동읍 학산영동로 1216",
    "phone": "043-744-4472",
    "hours": "평일: 09:00~19:00, 토: 09:00~18:00, 일: ",
    "description": "58 / "
  },
  {
    "id": 98,
    "name": "문무(영외)",
    "address": "충북 괴산군 괴산읍 읍내로 194(문무아파트)",
    "phone": "043-834-2229",
    "hours": "평일: 09:00~19:00, 토: 09:00~18:00, 일: ",
    "description": "26 / "
  },
  {
    "id": 99,
    "name": "충용(영외)",
    "address": "충북 증평군 증평읍 초정약수로 1530(늘푸른아파트)",
    "phone": "043-838-4706",
    "hours": "평일: 09:00~19:00, 토: 09:00~19:00, 일: ",
    "description": "29 / "
  },
  {
    "id": 100,
    "name": "논산행복마을(영외)",
    "address": "충남 논산시 연무읍 안심로 139-1(연무행복마을아파트)",
    "phone": "041-742-2832",
    "hours": "평일: 09:00~19:00, 토: 09:00~19:00, 일: ",
    "description": "69 / "
  },
  {
    "id": 101,
    "name": "대천콘도(영외)",
    "address": "충남 보령시 신흑동 2096",
    "phone": "041-932-6305",
    "hours": "평일: 09:00~19:00, 토: 09:00~19:00, 일: 09:00~19:00",
    "description": "67 / 1주, 3주차 목요일(격주휴무)"
  },
  {
    "id": 102,
    "name": "개나리(영외)",
    "address": "충남 계룡시 신도안면 청장리 268",
    "phone": "070-4251-4249",
    "hours": "평일: 09:00~19:00, 토: 09:00~19:00, 일: ",
    "description": "268 / "
  },
  {
    "id": 103,
    "name": "국방대(영외)",
    "address": "충남 논산시 양촌면 황산벌로 1098번길 46",
    "phone": "041-831-3929",
    "hours": "평일: 09:00~19:00, 토: 09:00~19:00, 일: ",
    "description": "81 / "
  },
  {
    "id": 104,
    "name": "세종(영외)",
    "address": "세종특별자치시 금남면 채나무길 80",
    "phone": "070-4251-4205",
    "hours": "평일: 09:00~19:00, 토: 09:00~18:00, 일: ",
    "description": "180 / "
  },
  {
    "id": 105,
    "name": "창공(영외)",
    "address": "충남 논산시 노성면 노성로 430번지",
    "phone": "070-425-3009",
    "hours": "평일: 09:00~19:00, 토: 09:00~19:00, 일: ",
    "description": "53 / "
  },
  {
    "id": 106,
    "name": "(해)문덕(영외)",
    "address": "경북 포항시 남구 오천읍 정몽주로 문덕마을 481번지(그루터기 도서관 1층)",
    "phone": "070-4251-3765",
    "hours": "평일: 10:00~19:00, 토: 10:00~16:30, 일: ",
    "description": "91 / "
  },
  {
    "id": 107,
    "name": "무열(영외)",
    "address": "대구 수성구 무열로 56(만촌동)",
    "phone": "070-4251-3128",
    "hours": "평일: 10:00~19:00, 토: 10:00~16:30, 일: ",
    "description": "81 / "
  },
  {
    "id": 108,
    "name": "오성(영외)",
    "address": "대구 수성구 고모로 33길 84(연호동)",
    "phone": "070-4251-3194",
    "hours": "평일: 10:00~19:00, 토: 10:00~16:30, 일: ",
    "description": "73 / "
  },
  {
    "id": 109,
    "name": "(공)달성(영외)",
    "address": "대구 수성구 달구벌대로 568길 36(이천동)",
    "phone": "070-4251-0744",
    "hours": "평일: 10:00~19:00, 토: 10:00~16:30, 일: ",
    "description": "32 / "
  },
  {
    "id": 110,
    "name": "무학(영외)",
    "address": "경북 경산시 하양읍 무학로 64-12(무학마을)",
    "phone": "053-851-4866",
    "hours": "평일: 10:00~19:00, 토: 10:00~16:30, 일: ",
    "description": "11 / "
  },
  {
    "id": 111,
    "name": "충성대(영외)",
    "address": "경북 영천시 고경면 호국로 495",
    "phone": "070-4251-3769",
    "hours": "평일: 10:00~19:00, 토: 10:00~16:30, 일: ",
    "description": "28 / "
  },
  {
    "id": 112,
    "name": "두산(영외)",
    "address": "대구 북구 학정동 구리로 183-28(학정동, 두산아파트)",
    "phone": "070-4251-3635",
    "hours": "평일: 10:00~19:00, 토: 10:00~16:30, 일: ",
    "description": "43 / "
  },
  {
    "id": 113,
    "name": "무지개(영외)",
    "address": "부산광역시 해운대구 우동3로 94 무지개아파트",
    "phone": "070-4251-4095",
    "hours": "평일: 10:00~19:00, 토: 10:00~17:00, 일: ",
    "description": "226 / 417. 수요일 15:30~19:30 개점"
  },
  {
    "id": 114,
    "name": "장산마을(영외)",
    "address": "부산광역시 해운대구 좌동순환로 15번길 24(좌동, 장산마을아파트)",
    "phone": "070-4251-0892",
    "hours": "평일: 10:00~19:00, 토: 10:00~17:00, 일: ",
    "description": "233.1 / 4.24. 수요일 15:30~19:30 개점"
  },
  {
    "id": 115,
    "name": "오륙도(영외)",
    "address": "부산광역시 남구 무민사로 17(감만동, 오륙도아파트)",
    "phone": "070-4251-0883",
    "hours": "평일: 10:00~19:00, 토: 10:00~17:00, 일: ",
    "description": "224.9 / 417. 수요일 15:30~19:30 개점"
  },
  {
    "id": 116,
    "name": "(공)해성(영외)",
    "address": "부산 강서구 대저동 공항진입로 42번길 20(대저2동)(해성스포렉스)",
    "phone": "070-4251-3664",
    "hours": "평일: 10:00~19:00, 토: 10:00~17:00, 일: ",
    "description": "241.1 / 4.24. 수요일 15:30~19:30 개점"
  },
  {
    "id": 117,
    "name": "충무(영외)",
    "address": "경남 함안군 군북면 함마대로 848 충무회관1층",
    "phone": "070-4251-0928",
    "hours": "평일: 10:00~19:00, 토: 10:00~17:00, 일: ",
    "description": "134.4 / 4.24. 수요일 15:30~19:30 개점"
  },
  {
    "id": 118,
    "name": "백운포(영외)",
    "address": "부산광역시 남구 이기대공원로 401(부산 해운회관 1층)",
    "phone": "0507-1362-8726",
    "hours": "평일: 10:00~19:00, 토: 10:00~17:00, 일: ",
    "description": "293 / 4.24. 수요일 15:30~19:30 개점"
  },
  {
    "id": 119,
    "name": "매화군(영외)",
    "address": "전남 담양군 답양읍 무정로 251-38",
    "phone": "070-4251-0542",
    "hours": "평일: 11:00~19:30, 토: 12:00~16:00, 일: ",
    "description": "220.6 / "
  },
  {
    "id": 120,
    "name": "충경군(영외)",
    "address": "전북 임실군 임실읍 대곡리 1077(충경레스텔 1층)",
    "phone": "070-4251-0934",
    "hours": "평일: 10:30~19:30, 토: 10:00~14:30, 일: ",
    "description": "83 / "
  },
  {
    "id": 121,
    "name": "천마군(영외)",
    "address": "전북 익산시 금마면 고도길 157-21(천마스카이빌)",
    "phone": "070-4251-0545",
    "hours": "평일: 10:30~19:30, 토: , 일: 12:00~17:30",
    "description": "78 / "
  },
  {
    "id": 122,
    "name": "충장(영외)",
    "address": "광주광역시 북구 삼일아파트 (삼일회관)",
    "phone": "070-8883-3015",
    "hours": "평일: 11:00~19:00, 토: 10:00~16:00, 일: ",
    "description": "385 / 4.18. 목요일 11:00~13:00 개점"
  },
  {
    "id": 58,
    "name": "오뚜기빌(영외)",
    "address": "경기도 포천시 일동면 소야길 52(오뚜기아파트)",
    "phone": "031-531-6586",
    "hours": "평일: 10:0019:20, 토: 10:0018:00, 일: ",
    "description": "36 / "
  },
  {
    "id": 59,
    "name": "사방(영외)",
    "address": "강원도 화천군 상서면 영서로 7739-14",
    "phone": "070-4251-3764",
    "hours": "평일: 10:30~19:20, 토: 10:00~14:50, 일: ",
    "description": "114 / "
  },
  {
    "id": 60,
    "name": "화천(영외)",
    "address": "강원도 화천군 화천읍 상승로 8길 25-73",
    "phone": "070-4251-4061",
    "hours": "평일: 10:30~19:20, 토: 10:00~14:50, 일: ",
    "description": "230 / 3주차 수요일 15:00~19:20 개점"
  },
  {
    "id": 61,
    "name": "승리(영외)",
    "address": "강원도 화천군 상서면 신월동로 125(화인빌아파트)",
    "phone": "070-4251-3767",
    "hours": "평일: 10:30~19:20, 토: 10:00~14:50, 일: ",
    "description": "198 / "
  },
  {
    "id": 62,
    "name": "다목(영외)",
    "address": "강원도 화천군 상서면 수피령로 1315",
    "phone": "070-4251-3761",
    "hours": "평일: 10:30~19:20, 토: 10:00~14:50, 일: ",
    "description": "280 / "
  },
  {
    "id": 63,
    "name": "명월(영외)",
    "address": "강원도 화천군 사내면 복주산길 1(한아름아파트)",
    "phone": "033-441-0880",
    "hours": "평일: 10:30~19:20, 토: 10:00~14:50, 일: ",
    "description": "152 / "
  },
  {
    "id": 10,
    "name": "비승(영외)",
    "address": "경기도 이천시 진상미로 1700-29(대포동, 비승아파트) 비승회관1층",
    "phone": "070-4251-0810",
    "hours": "평일: 10:30~19:30, 토: 10:30~15:00, 일: ",
    "description": "53 / 마지막주 수요일 15:00~19:30 개점"
  },
  {
    "id": 11,
    "name": "아름(영외)",
    "address": "경기도 이천시 마장면 마도로 12(아름수리아파트) 아름회관 1층",
    "phone": "031-631-4151",
    "hours": "평일: 10:30~19:30, 토: 10:30~15:00, 일: ",
    "description": "254 / 마지막주 수요일 15:00~19:30 개점"
  },
  {
    "id": 12,
    "name": "관사(영외)",
    "address": "경기도 수원시 권선구 경수대로 168번길 79(권선동) 복지매장 1층",
    "phone": "070-4251-0816",
    "hours": "평일: 10:30~19:30, 토: 10:30~15:00, 일: ",
    "description": "57 / 마지막주 수요일 15:00~19:30 개점"
  },
  {
    "id": 13,
    "name": "(공)금성(영외)",
    "address": "경기도 평택시 팽성읍 동서촌로 161-9 1층",
    "phone": "070-4251-0667",
    "hours": "평일: 10:30~19:30, 토: 10:30~15:00, 일: ",
    "description": "82 / 마지막주 수요일 15:00~19:30 개점"
  },
  {
    "id": 14,
    "name": "항무(영외)",
    "address": "경기도 하남시 초일로 78(초일동) 에어팰리시스 내 면회실 1층",
    "phone": "070-4251-0646",
    "hours": "평일: 10:30~19:30, 토: 10:30~15:00, 일: ",
    "description": "116 / 분리운영주말 10:30~13:00(현역 및 가족)마지막주 수요일 15:00~19:30 개점"
  },
  {
    "id": 15,
    "name": "충일(영외)",
    "address": "경기도 남양주시 홍유릉로 134(이패동) 충일회관 1층",
    "phone": "031-591-1173",
    "hours": "평일: 10:30~19:30, 토: 10:30~15:00, 일: ",
    "description": "59 / 마지막주 수요일 15:00~19:30 개점"
  },
  {
    "id": 16,
    "name": "럭키(영외)",
    "address": "경기도 성남시 분당구 이매로 173(이매동) 럭키회관 1층 108호",
    "phone": "070-4251-0641",
    "hours": "평일: 11:00~16:30, 토: , 일: ",
    "description": "102 / 마지막주 수요일 15:00~19:30 개점"
  },
  {
    "id": 17,
    "name": "충호(영외)",
    "address": "경기도 남양주시 와부읍 석실로 260번길 80(7A빌리지) 충호회관 앞",
    "phone": "070-4251-0593",
    "hours": "평일: 10:30~19:30, 토: 10:30~15:00, 일: ",
    "description": "96 / 마지막주 수요일 15:00~19:30 개점"
  },
  {
    "id": 18,
    "name": "우정(영외)",
    "address": "경기도 성남시 수정구 대왕판교로 1187(심곡동) 우정아파트 내",
    "phone": "031-755-4656",
    "hours": "평일: 10:30~19:30, 토: 10:30~15:00, 일: ",
    "description": "165 / 분리운영평일 (월~금) 10:30~17:00(전 국방가족) / (월, 수, 금) 17:00~19:30(현역 및 가족) /                    (화, 목) 17:00~"
  },
  {
    "id": 19,
    "name": "동빙고(영외)",
    "address": "서울시 용산구 녹사평대로 66(동빙고동, 용산푸르지오파크타운) 푸르지오파크타운 관리실앞",
    "phone": "02-790-8979",
    "hours": "평일: 10:30~19:30, 토: 10:30~15:00, 일: ",
    "description": "139 / 마지막주 수요일 15:00~19:30 개점"
  },
  {
    "id": 20,
    "name": "(공)태성대(영외)",
    "address": "서울시 동작구 여의대방로 16길 1(신대방동, 태성대아파트) 복지관 1층",
    "phone": "070-4251-0613",
    "hours": "평일: 10:30~19:30, 토: 10:30~15:00, 일: ",
    "description": "248 / 마지막주 수요일 15:00~19:30 개점"
  },
  {
    "id": 21,
    "name": "(공)대방(영외)",
    "address": "서울시 영등포구 여의대방로 49길 3(신길동)",
    "phone": "02-833-4789",
    "hours": "평일: 10:30~19:30, 토: 10:30~15:00, 일: ",
    "description": "396 / 마지막주 수요일 15:00~19:30 개점"
  },
  {
    "id": 22,
    "name": "(해)바다마을(영외)",
    "address": "서울시 영등포구 가마산로 540(신길동) 바다마을 상가 1층",
    "phone": "070-4251-0616",
    "hours": "평일: 10:30~19:30, 토: 10:30~15:00, 일: ",
    "description": "185 / 마지막주 수요일 15:00~19:30 개점"
  },
  {
    "id": 23,
    "name": "(해)덕산대(영외)",
    "address": "경기도 화성시 봉담읍 방골길 69(덕산레스텔)",
    "phone": "070-8895-3007",
    "hours": "평일: 10:30~19:30, 토: 10:30~15:00, 일: ",
    "description": "492 / "
  },
  {
    "id": 24,
    "name": "불암산(영외)",
    "address": "경기도 남양주시 불암로 109번길 36",
    "phone": "070-4251-0584",
    "hours": "평일: 10:30~19:30, 토: 10:30~15:00, 일: ",
    "description": "485 / 차량예약제 운영 마트"
  },
  {
    "id": 25,
    "name": "연풍(영외)",
    "address": "경기도 파주시 파주읍 술이홀로 490",
    "phone": "031-953-6056",
    "hours": "평일: 10:30~19:30, 토: 10:00~16:00, 일: ",
    "description": "214 / "
  },
  {
    "id": 26,
    "name": "선유리(영외)",
    "address": "경기도 파주시 문산읍 사임당로 104",
    "phone": "031-952-1433",
    "hours": "평일: 10:30~19:30, 토: 10:00~16:00, 일: ",
    "description": "432 / "
  },
  {
    "id": 27,
    "name": "드림(영외)",
    "address": "경기도 파주시 광탄면 보광로 962",
    "phone": "070-4251-2567",
    "hours": "평일: 10:30~19:30, 토: 10:30~14:00, 일: ",
    "description": "89 / "
  },
  {
    "id": 28,
    "name": "에버나인(영외)",
    "address": "경기도 고양시 일산동구 숲속마을 2로 25(풍동, 숲속마을 10단지 아파트)",
    "phone": "031-907-6559",
    "hours": "평일: 10:30~19:30, 토: 10:00~16:00, 일: ",
    "description": "146 / "
  },
  {
    "id": 29,
    "name": "금촌에버나인(영외)",
    "address": "경기도 파주시 창곡동길 24(야동동)",
    "phone": "031-946-7123",
    "hours": "평일: 10:30~19:30, 토: 10:00~16:00, 일: ",
    "description": "109 / "
  },
  {
    "id": 30,
    "name": "화이트빌(영외)",
    "address": "경기도 고양시 일산동구 성석로 285-78(성석동)",
    "phone": "031-975-0886",
    "hours": "평일: 10:30~19:30, 토: 10:00~16:00, 일: ",
    "description": "66 / "
  },
  {
    "id": 31,
    "name": "북한산(영외)",
    "address": "경기 고양시 덕양구 백운길 27-41(지축동)",
    "phone": "070-4251-4086",
    "hours": "평일: 10:30~19:30, 토: 10:00~16:00, 일: ",
    "description": "148 / "
  },
  {
    "id": 32,
    "name": "화전(영외)",
    "address": "경기도 고양시 덕양구 중앙로 132-5(화전동)",
    "phone": "02-3158-2501",
    "hours": "평일: 10:30~19:30, 토: 10:00~16:00, 일: ",
    "description": "231 / "
  },
  {
    "id": 33,
    "name": "권율(영외)",
    "address": "경기도 고양시 덕양구 서오릉로 500번길 141-7(동산동)",
    "phone": "02-352-8614",
    "hours": "평일: 10:30~19:30, 토: 10:00~16:00, 일: ",
    "description": "159 / "
  },
  {
    "id": 34,
    "name": "광개토(영외)",
    "address": "경기도 고양시 덕양구 호국로 1895(벽제동, 삼성벽제아파트)",
    "phone": "070-4251-4063",
    "hours": "평일: 10:30~19:30, 토: 10:00~16:00, 일: ",
    "description": "155 / "
  },
  {
    "id": 35,
    "name": "올림픽(영외)",
    "address": "경기 양주시 장흥면 북한산로 966-8(충성아파트)",
    "phone": "070-4251-0560",
    "hours": "평일: 10:30~19:30, 토: 10:00~16:00, 일: ",
    "description": "187.6 / "
  },
  {
    "id": 36,
    "name": "황룡(영외)",
    "address": "경기도 김포시 통진읍 검암1로",
    "phone": "031-981-0761",
    "hours": "평일: 10:30~19:30, 토: 10:00~16:00, 일: ",
    "description": "360 / "
  },
  {
    "id": 37,
    "name": "미추홀(영외)",
    "address": "인천구 부평구 세월천로 25번길 9-3",
    "phone": "070-4251-4046",
    "hours": "평일: 10:30~19:30, 토: 10:00~16:00, 일: ",
    "description": "447 / 신분별 분리운영 적용평일(월, 수, 금) : 10:30~17:00(전 국방가족) / 17:00~17:30(물품진열) / 17:30~19:30(현역 및 가족)         평일(화"
  },
  {
    "id": 38,
    "name": "통현(영외)",
    "address": "경기도 연천군 연천읍 평화로 1239(연천아이파크)",
    "phone": "070-4251-0972",
    "hours": "평일: 10:00~19:30, 토: 10:00~15:00, 일: ",
    "description": "101 / 마지막주 수요일 15:00~19:30 개점"
  },
  {
    "id": 39,
    "name": "포천푸르미(영외)",
    "address": "경기도 포천시 소흘읍 호국로 523번길61(푸르미아르미소 아파트)",
    "phone": "031-542-9240",
    "hours": "평일: 10:00~19:30, 토: 10:00~15:00, 일: ",
    "description": "265 / "
  },
  {
    "id": 40,
    "name": "전곡푸르미(영외)",
    "address": "경기도  연천군 전곡읍 평화로 673번길 61",
    "phone": "070-4251-4067",
    "hours": "평일: 10:00~19:30, 토: 10:00~15:00, 일: ",
    "description": "253 / "
  },
  {
    "id": 41,
    "name": "백석(영외)",
    "address": "경기도 양주시 백석읍 부흥로 1071-41",
    "phone": "031-879-7810",
    "hours": "평일: 10:00~19:30, 토: 10:00~15:00, 일: ",
    "description": "149 / 마지막주 수요일 15:00~19:20 개점"
  },
  {
    "id": 42,
    "name": "의정부푸르미(영외)",
    "address": "경기도 의정부시 가능동 238-30(푸르미회관)",
    "phone": "031-873-0187",
    "hours": "평일: 10:00~19:30, 토: 10:00~15:00, 일: ",
    "description": "116 / "
  },
  {
    "id": 43,
    "name": "동두천(영외)",
    "address": "경기도 동두천시 상패동20",
    "phone": "031-858-4036",
    "hours": "평일: 10:00~19:30, 토: 10:00~15:00, 일: ",
    "description": "50 / 마지막주 수요일 15:00~19:30 개점"
  },
  {
    "id": 44,
    "name": "신산(영외)",
    "address": "경기도 양주시 남면 개나리 11길 43",
    "phone": "031-863-6235",
    "hours": "평일: 10:00~19:30, 토: 10:00~15:00, 일: ",
    "description": "198 / "
  },
  {
    "id": 45,
    "name": "대광리(영외)",
    "address": "경기도 연천군 신서면 연신로 1114(열쇠아파트)",
    "phone": "031-834-8071",
    "hours": "평일: 10:00~19:30, 토: 10:00~15:00, 일: ",
    "description": "264 / 마지막주 수요일 15:00~19:30 개점"
  },
  {
    "id": 46,
    "name": "행복마을(영외)",
    "address": "경기도  파주시 적성면 칠중 1길 65",
    "phone": "070-4251-4078",
    "hours": "평일: 10:00~19:30, 토: 10:00~15:00, 일: ",
    "description": "255 / 마지막주 수요일 15:00~19:30 개점"
  },
  {
    "id": 47,
    "name": "동송(영외)",
    "address": "강원도 철원군 동송읍 금학로 121번길 12",
    "phone": "033-455-2710",
    "hours": "평일: 10:0019:20, 토: 10:0018:00, 일: ",
    "description": "75 / 4월 24일 15:00~19:20 개점"
  },
  {
    "id": 48,
    "name": "이동승진(영외)",
    "address": "경기도 포천시 이동면 화동로 2056",
    "phone": "031-532-4576",
    "hours": "평일: 10:0019:20, 토: 10:0018:00, 일: ",
    "description": "53 / 4월 24일 15:00~19:20 개점"
  },
  {
    "id": 49,
    "name": "운천(영외)",
    "address": "경기도 포천시 영북면 영북로 206(산내들 아이파크내)",
    "phone": "031-532-0043",
    "hours": "평일: 10:0019:20, 토: 10:0018:00, 일: ",
    "description": "66 / 4월 17일 15:00~19:20 개점"
  },
  {
    "id": 50,
    "name": "에이트빌(영외)",
    "address": "경기도 포천시 이동면 성장로 721(에이트 빌)",
    "phone": "031-534-4876",
    "hours": "평일: 10:00~19:20, 토: 10:00~18:00, 일: ",
    "description": "36 / "
  },
  {
    "id": 51,
    "name": "승포아트빌(영외)",
    "address": "강원도 철원군 갈말읍 태봉로 1526-29 (목련아파트)",
    "phone": "033-452-2855",
    "hours": "평일: 10:0019:20, 토: 10:0018:00, 일: ",
    "description": "109 / 4월 17일 15:00~19:20 개점"
  },
  {
    "id": 52,
    "name": "백골(영외)",
    "address": "강원도 철원군 김화읍 김화로 309(청양 아파트)",
    "phone": "033-458-8115",
    "hours": "평일: 10:0019:20, 토: 10:0018:00, 일: ",
    "description": "80 / "
  },
  {
    "id": 53,
    "name": "삼성(영외)",
    "address": "강원도 철원군 서면 자등로 599",
    "phone": "033-458-8821",
    "hours": "평일: 09:3019:20, 토: 10:0018:00, 일: ",
    "description": "131 / "
  },
  {
    "id": 54,
    "name": "맹호(영외)",
    "address": "경기도 가평군 조종면 현창로 10",
    "phone": "031-584-8487",
    "hours": "평일: 10:0019:20, 토: 10:0018:00, 일: ",
    "description": "153 / 4월 24일 15:00~19:20 개점"
  },
  {
    "id": 55,
    "name": "철마(영외)",
    "address": "경기도 남양주시 전접읍 광릉내로 82번길 19-7(크낙새아파트)",
    "phone": "031-575-4108",
    "hours": "평일: 10:0019:20, 토: 10:0018:00, 일: ",
    "description": "100 / 4월 17일 15:00~19:20 개점"
  },
  {
    "id": 56,
    "name": "횃불(영외)",
    "address": "경기도 가평군 가평읍 용추로 57(횃불회관)",
    "phone": "031-581-6315",
    "hours": "평일: 10:0019:20, 토: 10:0018:00, 일: ",
    "description": "38 / 4월 17일 15:00~19:20 개점"
  },
  {
    "id": 57,
    "name": "일동승진(영외)",
    "address": "경기도 포천시 화현면 화동로 587(승진아파트)",
    "phone": "031-536-3846",
    "hours": "평일: 10:0019:20, 토: 10:0018:00, 일: ",
    "description": "46 / "
  },
  {
    "id": 1,
    "name": "박달(영외)",
    "address": "경기도 안양시 만안구 삼봉로 66(박달동, 브라운스톤 하나마을)",
    "phone": "031-445-4595",
    "hours": "평일: 10:30~19:30, 토: 10:30~15:00, 일: ",
    "description": "185 / 마지막주 수요일 15:00~19:30 개점"
  },
  {
    "id": 2,
    "name": "사당(영외)",
    "address": "서울시 관악구 승방7길31(남현동, 사당동아파트) 사당동아파트 3동 앞",
    "phone": "02-583-3425",
    "hours": "평일: 10:30~19:30, 토: 10:30~15:00, 일: ",
    "description": "166 / 마지막주 수요일 15:00~19:30 개점"
  },
  {
    "id": 3,
    "name": "방패(영외)",
    "address": "서울시 관악구 과천대로 851(남현동, 한울아파트) 상가1층",
    "phone": "070-4251-0873",
    "hours": "평일: 10:30~19:30, 토: 10:30~15:00, 일: ",
    "description": "188 / 분리운영주말 10:30~13:00(현역 및 가족)마지막주 수요일 15:00~19:30 개점"
  },
  {
    "id": 4,
    "name": "전승(영외)",
    "address": "경기도 화성시 매송면 화성로 2435(칠보아파트) 전승회관",
    "phone": "070-4251-0652",
    "hours": "평일: 10:30~19:30, 토: 10:30~15:00, 일: ",
    "description": "111 / 마지막주 수요일 15:00~19:30개점"
  },
  {
    "id": 5,
    "name": "선봉(영외)",
    "address": "경기도 용인시 처인구 중부대로 1340(김량장동, 한누리마을아파트)",
    "phone": "031-336-2872",
    "hours": "평일: 10:30~19:30, 토: 10:30~15:00, 일: ",
    "description": "139 / 마지막주 수요일 15:00~19:30 개점"
  },
  {
    "id": 6,
    "name": "선봉레스텔(영외)",
    "address": "경기도 용인시 처인구 금학로 235번길26(역북동, 온누리마을) 온누리마을 내",
    "phone": "070-4251-0743",
    "hours": "평일: 10:30~19:30, 토: 10:30~15:00, 일: ",
    "description": "231 / 휴점 3.30(토)~4.3(수) 환경개선공사/마지막주 수요일 15:00~19:30 개점"
  },
  {
    "id": 7,
    "name": "상승(영외)",
    "address": "경기도 이천시 장호원읍 경충대로 597번길 227-25 상승회관1층",
    "phone": "031-640-1126070-4251-0803",
    "hours": "평일: 10:30~19:30, 토: 10:30~15:00, 일: ",
    "description": "224 / 마지막주 수요일 15:00~19:30 개점"
  },
  {
    "id": 8,
    "name": "도하(영외)",
    "address": "경기도 이천시 설성면 자석 1리 508(자석1리 마을회관)",
    "phone": "070-4251-2303",
    "hours": "평일: 10:30~19:30, 토: 10:30~15:00, 일: ",
    "description": "116 / "
  },
  {
    "id": 9,
    "name": "(해)서해(영외)",
    "address": "경기도 평택시 포승읍 2함대길 20 서해쇼핑타운 지하1층",
    "phone": "070-4251-4074",
    "hours": "평일: 10:30~19:30, 토: 10:30~15:00, 일: ",
    "description": "300 / 마지막주 수요일 15:00~19:30 개점"
  }
]
